{
    "accuracy": 0.9887076537013801,
    "precision": 0.9924146649810367,
    "recall": 0.9849435382685069,
    "auc": 0.9982257808060024
}